Workbook

Sheet Data Siswa
A1: No | B1: NIS | C1: Nama Siswa | D1: Kelas | E1: L/P | F1: Kartu RFID | G1: Status
A2: 1 | G2: Aktif
A3: 2 | G3: Aktif
A4: 3 | G4: Aktif
A5: 4 | G5: Aktif
A6: 5 | G6: Aktif
A7: 6 | G7: Aktif
A8: 7 | G8: Aktif
A9: 8 | G9: Aktif
A10: 9 | G10: Aktif
A11: 10 | G11: Aktif
A12: 11 | G12: Aktif
A13: 12 | G13: Aktif
... A101: 100 | G101: Aktif

Sheet Absensi
A1: Tanggal | B1: Waktu | C1: NIS | D1: Nama Siswa | E1: Kelas | F1: Status | G1: Keterangan
A2: 2026-09-24 | B2: 02:05 | F2: Hadir | G2: Contoh data — hapus/ganti sesuai absensi
F3: Hadir
F4: Hadir
F5: Hadir
F6: Hadir
F7: Hadir
F8: Hadir
F9: Hadir
F10: Hadir
F11: Hadir
F12: Hadir
F13: Hadir
F14: Hadir
... F201: Hadir

Sheet Rekap
A1: NIS | B1: Nama Siswa | C1: Kelas | D1: Hadir | E1: Izin | F1: Sakit | G1: Alpa | H1: Total
A2: ='Data Siswa'!B2 | B2: ='Data Siswa'!C2 | C2: ='Data Siswa'!D2 | D2: =COUNTIFS(Absensi!$C:$C,A2,Absensi!$F:$F,"Hadir") | E2: =COUNTIFS(Absensi!$C:$C,A2,Absensi!$F:$F,"Izin") | F2: =COUNTIFS(Absensi!$C:$C,A2,Absensi!$F:$F,"Sakit") | G2: =COUNTIFS(Absensi!$C:$C,A2,Absensi!$F:$F,"Alpa") | H2: =SUM(D2:G2)
A3: ='Data Siswa'!B3 | B3: ='Data Siswa'!C3 | C3: ='Data Siswa'!D3 | D3: =COUNTIFS(Absensi!$C:$C,A3,Absensi!$F:$F,"Hadir") | E3: =COUNTIFS(Absensi!$C:$C,A3,Absensi!$F:$F,"Izin") | F3: =COUNTIFS(Absensi!$C:$C,A3,Absensi!$F:$F,"Sakit") | G3: =COUNTIFS(Absensi!$C:$C,A3,Absensi!$F:$F,"Alpa") | H3: =SUM(D3:G3)
A4: ='Data Siswa'!B4 | B4: ='Data Siswa'!C4 | C4: ='Data Siswa'!D4 | D4: =COUNTIFS(Absensi!$C:$C,A4,Absensi!$F:$F,"Hadir") | E4: =COUNTIFS(Absensi!$C:$C,A4,Absensi!$F:$F,"Izin") | F4: =COUNTIFS(Absensi!$C:$C,A4,Absensi!$F:$F,"Sakit") | G4: =COUNTIFS(Absensi!$C:$C,A4,Absensi!$F:$F,"Alpa") | H4: =SUM(D4:G4)
A5: ='Data Siswa'!B5 | B5: ='Data Siswa'!C5 | C5: ='Data Siswa'!D5 | D5: =COUNTIFS(Absensi!$C:$C,A5,Absensi!$F:$F,"Hadir") | E5: =COUNTIFS(Absensi!$C:$C,A5,Absensi!$F:$F,"Izin") | F5: =COUNTIFS(Absensi!$C:$C,A5,Absensi!$F:$F,"Sakit") | G5: =COUNTIFS(Absensi!$C:$C,A5,Absensi!$F:$F,"Alpa") | H5: =SUM(D5:G5)
A6: ='Data Siswa'!B6 | B6: ='Data Siswa'!C6 | C6: ='Data Siswa'!D6 | D6: =COUNTIFS(Absensi!$C:$C,A6,Absensi!$F:$F,"Hadir") | E6: =COUNTIFS(Absensi!$C:$C,A6,Absensi!$F:$F,"Izin") | F6: =COUNTIFS(Absensi!$C:$C,A6,Absensi!$F:$F,"Sakit") | G6: =COUNTIFS(Absensi!$C:$C,A6,Absensi!$F:$F,"Alpa") | H6: =SUM(D6:G6)
A7: ='Data Siswa'!B7 | B7: ='Data Siswa'!C7 | C7: ='Data Siswa'!D7 | D7: =COUNTIFS(Absensi!$C:$C,A7,Absensi!$F:$F,"Hadir") | E7: =COUNTIFS(Absensi!$C:$C,A7,Absensi!$F:$F,"Izin") | F7: =COUNTIFS(Absensi!$C:$C,A7,Absensi!$F:$F,"Sakit") | G7: =COUNTIFS(Absensi!$C:$C,A7,Absensi!$F:$F,"Alpa") | H7: =SUM(D7:G7)
A8: ='Data Siswa'!B8 | B8: ='Data Siswa'!C8 | C8: ='Data Siswa'!D8 | D8: =COUNTIFS(Absensi!$C:$C,A8,Absensi!$F:$F,"Hadir") | E8: =COUNTIFS(Absensi!$C:$C,A8,Absensi!$F:$F,"Izin") | F8: =COUNTIFS(Absensi!$C:$C,A8,Absensi!$F:$F,"Sakit") | G8: =COUNTIFS(Absensi!$C:$C,A8,Absensi!$F:$F,"Alpa") | H8: =SUM(D8:G8)
A9: ='Data Siswa'!B9 | B9: ='Data Siswa'!C9 | C9: ='Data Siswa'!D9 | D9: =COUNTIFS(Absensi!$C:$C,A9,Absensi!$F:$F,"Hadir") | E9: =COUNTIFS(Absensi!$C:$C,A9,Absensi!$F:$F,"Izin") | F9: =COUNTIFS(Absensi!$C:$C,A9,Absensi!$F:$F,"Sakit") | G9: =COUNTIFS(Absensi!$C:$C,A9,Absensi!$F:$F,"Alpa") | H9: =SUM(D9:G9)
A10: ='Data Siswa'!B10 | B10: ='Data Siswa'!C10 | C10: ='Data Siswa'!D10 | D10: =COUNTIFS(Absensi!$C:$C,A10,Absensi!$F:$F,"Hadir") | E10: =COUNTIFS(Absensi!$C:$C,A10,Absensi!$F:$F,"Izin") | F10: =COUNTIFS(Absensi!$C:$C,A10,Absensi!$F:$F,"Sakit") | G10: =COUNTIFS(Absensi!$C:$C,A10,Absensi!$F:$F,"Alpa") | H10: =SUM(D10:G10)
A11: ='Data Siswa'!B11 | B11: ='Data Siswa'!C11 | C11: ='Data Siswa'!D11 | D11: =COUNTIFS(Absensi!$C:$C,A11,Absensi!$F:$F,"Hadir") | E11: =COUNTIFS(Absensi!$C:$C,A11,Absensi!$F:$F,"Izin") | F11: =COUNTIFS(Absensi!$C:$C,A11,Absensi!$F:$F,"Sakit") | G11: =COUNTIFS(Absensi!$C:$C,A11,Absensi!$F:$F,"Alpa") | H11: =SUM(D11:G11)
A12: ='Data Siswa'!B12 | B12: ='Data Siswa'!C12 | C12: ='Data Siswa'!D12 | D12: =COUNTIFS(Absensi!$C:$C,A12,Absensi!$F:$F,"Hadir") | E12: =COUNTIFS(Absensi!$C:$C,A12,Absensi!$F:$F,"Izin") | F12: =COUNTIFS(Absensi!$C:$C,A12,Absensi!$F:$F,"Sakit") | G12: =COUNTIFS(Absensi!$C:$C,A12,Absensi!$F:$F,"Alpa") | H12: =SUM(D12:G12)
A13: ='Data Siswa'!B13 | B13: ='Data Siswa'!C13 | C13: ='Data Siswa'!D13 | D13: =COUNTIFS(Absensi!$C:$C,A13,Absensi!$F:$F,"Hadir") | E13: =COUNTIFS(Absensi!$C:$C,A13,Absensi!$F:$F,"Izin") | F13: =COUNTIFS(Absensi!$C:$C,A13,Absensi!$F:$F,"Sakit") | G13: =COUNTIFS(Absensi!$C:$C,A13,Absensi!$F:$F,"Alpa") | H13: =SUM(D13:G13)
... A101: ='Data Siswa'!B101 | B101: ='Data Siswa'!C101 | C101: ='Data Siswa'!D101 | D101: =COUNTIFS(Absensi!$C:$C,A101,Absensi!$F:$F,"Hadir") | E101: =COUNTIFS(Absensi!$C:$C,A101,Absensi!$F:$F,"Izin") | F101: =COUNTIFS(Absensi!$C:$C,A101,Absensi!$F:$F,"Sakit") | G101: =COUNTIFS(Absensi!$C:$C,A101,Absensi!$F:$F,"Alpa") | H101: =SUM(D101:G101)
